part,line,store,quarts,min_qty,url,hermes_status
103008,Advanced,Ace Hardware,1,1,https://www.acehardware.com/departments/automotive-rv-and-marine/fluids-and-lubrication/motor-oils/7062503,blocked
103008,Advanced,Ace Hardware,1,1,https://www.acehardware.com/departments/automotive-rv-and-marine/fluids-and-lubrication/motor-oils/8138528,blocked
103008,Advanced,Advance Auto,1,1,https://shop.advanceautoparts.com/p/mobil-1-5w-20-advanced-full-synthetic-motor-oil-protection-for-10k-miles-1-quart-103008/8110007-P,price_not_found
103008,Advanced,Advance Auto,1,1,https://shop.advanceautoparts.com/p/mobil-1-advanced-5w-20-full-synthetic-motor-oil-protects-for-10k-miles-1-quart-103008/8110007-P,ok
103008,Advanced,Advance Auto,1,1,https://shop.advanceautoparts.com/p/mobil-1-advanced-full-synthetic-motor-oil-5w-20-1-quart-103008/8110007-P,ok
103008,Advanced,Amazon,1,1,https://www.amazon.com/Mobil-5W-20-Advanced-Synthetic-Motor/dp/B000BARHOQ?th=1,ok
103008,Advanced,Amazon,6,1,https://www.amazon.com/dp/B000SM6OD2,blocked
103008,Advanced,Amazon,6,1,https://www.amazon.com/dp/B00LWUWOSS,blocked
103008,Advanced,Amazon,6,1,https://www.amazon.com/dp/B07NFKV1MX,blocked
103008,Advanced,Amazon,6,1,https://www.amazon.com/dp/B08CNJQZ68,blocked
103008,Advanced,Amazon,1,1,https://www.amazon.com/dp/B000BARHOQ,(new)
103008,Advanced,AutoZone,1,1,https://www.autozone.com/p/mobil-1-motor-oil-103008/628507,blocked
103008,Advanced,Baltimore Auto Supply,1,1,https://www.baltimoreauto.net/Product/MOB/103008,ok
103008,Advanced,BJ's Wholesale,6,1,https://www.bjs.com/product/mobil-1-advanced-full-synthetic-motor-oil-5w-20-6-pk1-qt/3000000000000193547,blocked
103008,Advanced,Blain's Farm & Fleet,1,1,https://www.farmandfleet.com/products/450154-mobil-1-1-quart-5w-20-advanced-full-synthetic-motor-oil.html,blocked
103008,Advanced,CARiD,1,1,https://www.carid.com/mobil-1/advanced-sae-5w-20-full-synthetic-motor-oil-1-quart-x-6-bottles-mpn-103008.html,unavailable
103008,Advanced,CARiD,1,1,https://www.carid.com/mobil-1/super-synthetic-sae-5w-20-full-synthetic-motor-oil.html,blocked
103008,Advanced,Classic Survivor,6,1,https://classicsurvivor.com/mobil-1-103008-advanced-full-synthetic-motor-oil-5w-20-6-pack-of-1-qt/,ok
103008,Advanced,Dollar General,1,1,https://www.dollargeneral.com/p/mobil-1-advanced-full-synthetic-motor-oil-5w-20-1-qt/71924149755,price_not_found
103008,Advanced,eBay,6,1,https://www.ebay.com/itm/135105872405,ok
103008,Advanced,eBay,1,1,https://www.ebay.com/itm/136929367589,ok
103008,Advanced,eBay,1,1,https://www.ebay.com/itm/147124543449,ok
103008,Advanced,eBay,1,1,https://www.ebay.com/itm/147477097578,ok
103008,Advanced,eBay,1,1,https://www.ebay.com/itm/227462130354,ok
103008,Advanced,eBay,6,1,https://www.ebay.com/itm/227502313369,ok
103008,Advanced,eBay,6,1,https://www.ebay.com/itm/267795392106,ok
103008,Advanced,eBay,1,1,https://www.ebay.com/itm/295436378381,ok
103008,Advanced,eBay,6,1,https://www.ebay.com/itm/318626832277,ok
103008,Advanced,eBay,1,1,https://www.ebay.com/itm/327384429142,ok
103008,Advanced,eBay,6,1,https://www.ebay.com/p/656410347,price_not_found
103008,Advanced,eBay,1,1,https://www.ebay.com/itm/358123943220,ok
103008,Advanced,eBay,1,1,https://www.ebay.com/itm/358834856094,ok
103008,Advanced,eBay,6,1,https://www.ebay.com/itm/406190345319,unavailable
103008,Advanced,eBay,6,1,https://www.ebay.com/itm/406190377544,ok
103008,Advanced,EVO Lube Supply,6,1,https://evolubesupply.com/products/mobil-1-5-20-0-25-gal-0-95-liter-bottle-103008,ok
103008,Advanced,Farm & Home Supply,1,1,https://www.farmandhomesupply.com/mobil-1-advanced-full-synthetic-5w-20-motor-oil-1-quart-bottle.html,ok
103008,Advanced,Fast Track Auto,1,1,https://shopfasttrack.com/products/mobil-1-synthetic-motor-oil-103008,ok
103008,Advanced,Fastenal,1,1,https://www.fastenal.com/product/details/99448638,price_not_found
103008,Advanced,Grainger,1,1,https://www.grainger.com/product/3GZY1?gucid=N%3AN%3AFPL%3AFree%3AGGL%3ACSM-1946%3Atew63h3%3A20501231,blocked
103008,Advanced,Grainger,1,1,https://www.grainger.com/product/MOBIL-Engine-Oil-Synthetic-Blend-3GZY1,blocked
103008,Advanced,Home Depot,1,1,https://www.homedepot.com/p/Mobil-1-qt-Classic-5W-20-Synthetic-Motor-Oil-103008/333250613,blocked
103008,Advanced,Home Depot,1,1,https://www.homedepot.com/p/Mobil-32-oz-5W20-Synthetic-Motor-Oil-103008/205105498,blocked
103008,Advanced,Home Depot,1,1,https://www.homedepot.com/p/Mobil-32-oz-5W20-Synthetic-Motor-Oil-MOB44975/207078469,blocked
103008,Advanced,Imperial Supplies,1,1,https://www.imperialsupplies.com/item/9104540,blocked
103008,Advanced,J J Motorsports,6,1,https://jj-motorsports.com/5w20-synthetic-oil-6x1-qt-dexos-mob103008/,ok
103008,Advanced,LM Performance,6,1,https://www.lmperformance.com/1521931/103008-mobil-1-5w20-synthetic-oil-6x1-qt-dexos.html,ok
103008,Advanced,Lowe's,1,1,https://www.lowes.com/pd/Mobil-1-Mobil-1-Synthetic-5W20-Motor-Oil-32-oz/1002537784,blocked
103008,Advanced,LTAC Trading Co.,1,1,https://ltactradingco.com/products/mobil-1-103008-1-synthetic-motor-oil-5w-20-1-quart-bottle,ok
103008,Advanced,Major Brands Oil,6,1,https://majorbrandsoil.com/products/mobil-1-syn-5w20-6-1q,ok
103008,Advanced,Meijer,1,1,https://www.meijer.com/shopping/product/mobil-1-advanced-full-synthetic-motor-oil-5w-20-1-quart/7192414975,price_not_found
103008,Advanced,Menards,1,1,https://www.menards.com/main/tools/automotive/automotive-maintenance/motor-oil-filters/mobil-1-trade-motor-oil-1-quart/103008/p-1642874346617530-c-9112.htm,blocked
103008,Advanced,Milky Motorsports,6,1,https://milkymotorsports.com/products/mob103008,ok
103008,Advanced,Montgomery Parts,6,1,https://montgomeryparts.com/products/5w20-synthetic-oil-6x1-qt-dexos-103008,ok
103008,Advanced,NAPA Auto Parts,1,1,https://www.napaonline.com/en/p/MOB103008,blocked
103008,Advanced,Neobits,1,1,https://www.neobits.com/exxonmobil_103008_mobil_engine_oil_synthetic__p5119642.html,network_error
103008,Advanced,O'Reilly,1,1,https://www.oreillyauto.com/detail/c/1-advanced/mobil-1-advanced-full-synthetic-motor-oil-5w-20-1-quart/mob8/1520,ok
103008,Advanced,OutPerformance,6,1,https://outperformance.shop/mobil-1-103008-5w20-synthetic-oil-6x1-qt/,ok
103008,Advanced,Ozkonic Kustomz,6,1,https://ozkonickustomz.com/products/5w20-synthetic-oil-6x1-qt-dexos,ok
103008,Advanced,Parts Bazaar,1,1,https://mypartsbazaar.com/products/mobil-1-engine-oil-synthetic-gasoline-engines-1-qt-size-bottle-5w-20,ok
103008,Advanced,Race Car Engineering,1,1,https://racecareng.com/shop/oils-fluids-and-sealer/oils-fluids-and-additives/motor-oil/mobil-1-racing-oil-5w20-synthetic-oil-1-qt-dexos-3008-1/,ok
103008,Advanced,Runnings,1,1,https://www.runnings.com/mobil-1-5w-20-motor-oil-1-quart-103008.html,ok
103008,Advanced,Sam's Club,6,1,https://www.samsclub.com/ip/Mobil-1-5W-20-Motor-Oil-6-pack-1-quart-bottles/7192444975?selectedSellerId=FEBD61A8B53543578C96FBA3D54195F3,ok
103008,Advanced,Sam's Club,6,1,https://www.samsclub.com/ip/mobil-1-5w-20-6-1qt-bottles/7192444975,ok
103008,Advanced,Speed & Engine,1,1,https://www.speedandengine.com/item/5491779-5w20-synthetic-oil-1-qt?category=150877&brand=24363,ok
103008,Advanced,Speedway Motors,1,1,"https://www.speedwaymotors.com/Mobil-1-103008-Advanced-Full-Synthetic-Motor-Oil-5W-20,527182.html",blocked
103008,Advanced,Speedway Motors,6,1,"https://www.speedwaymotors.com/Mobil-1-103008-Advanced-Full-Synthetic-Motor-Oil-5W-20-6-Quarts,527181.html",blocked
103008,Advanced,Speedway Motors,1,1,https://www.speedwaymotors.com/shop/mobil-1-off-road-motor-oil~65679-11737-3-1-1-544-30028,blocked
103008,Advanced,Summit Racing,6,1,https://www.summitracing.com/parts/mob-103008,ok
103008,Advanced,Summit Racing,1,1,https://www.summitracing.com/parts/mob-103008-1,ok
103008,Advanced,The Lubricant Store,6,1,https://www.thelubricantstore.com/mobil-1-5w-20-6x1qt,ok
103008,Advanced,Theisen's,1,1,https://www.theisens.com/products/mobil-1-5w-20-advanced-full-synthetic-motor-oil,ok
103008,Advanced,Tractor Supply,1,1,https://www.tractorsupply.com/tsc/product/mobil-5w20-synthetic-oil-1-qt,ok
103008,Advanced,Walmart,1,1,https://www.walmart.com/ip/Mobil-1-Advanced-Full-Synthetic-Motor-Oil-5W-20-1-Quart/16767828,ok
103008,Advanced,Walmart,6,1,https://www.walmart.com/ip/Mobil-1-Advanced-Full-Synthetic-Motor-Oil-5W-20-1-qt-6-Pack/164214023,ok
103008,Advanced,Walmart,5,1,https://www.walmart.com/ip/5-pack-Mobil-1-Advanced-Full-Synthetic-Motor-Oil-5W-20-1-Quart/17930365643,(new)
120455,High Mileage,4 Wheel Buy,1,6,https://shop.4wheelbuy.com/eshop/p/482_3460_51027_mbl120455/120455-oil,ok
120455,High Mileage,Advance Auto,1,1,https://shop.advanceautoparts.com/p/mobil-1-high-mileage-5w-20-full-synthetic-motor-oil-protects-for-10k-miles-1-quart-120455/11153435-P,ok
120455,High Mileage,AFA Motors,1,1,https://afa-motors.com/products/mobil-1-high-mileage-full-synthetic-motor-oil-5w-20-1-quart,ok
120455,High Mileage,Amazon,6,1,https://www.amazon.com/dp/B00LWUWOZQ,blocked
120455,High Mileage,Amazon,1,1,https://www.amazon.com/dp/B016VAL6BE,blocked
120455,High Mileage,AutoZone,1,1,https://www.autozone.com/p/mobil-1-high-mileage-motor-oil-120455/260531,blocked
120455,High Mileage,AutoZone,1,1,https://www.autozone.com/p/mobil-1-motor-oil-120455/260531,blocked
120455,High Mileage,Blain's Farm & Fleet,6,1,https://www.farmandfleet.com/products/1488179-mobil-1-6-pack-1-quart-high-mileage-5w-20-full-synthetic-motor-oil.html,blocked
120455,High Mileage,Bomgaars,1,1,https://www.bomgaars.com/oi-38220.html,ok
120455,High Mileage,Coakley Home & Hardware,1,1,https://shop.coakleyhomeandhardware.com/p/high-mileage-full-synthetic-motor-oil-071924145023,ok
120455,High Mileage,eBay,1,1,https://www.ebay.com/itm/157994023436,blocked
120455,High Mileage,eBay,6,1,https://www.ebay.com/itm/176716052749,unavailable
120455,High Mileage,Goldie's Automotive Supply,6,1,https://www.goldiesautomotivesupply.com/products/mobil-1-5w20-high-mileage-oil-case-6x1-qt-bottles-120455,ok
120455,High Mileage,Home Depot,1,1,https://www.homedepot.com/p/Mobil-1-32-oz-High-Mileage-5W-20-Motor-Oil-120455/333250620,blocked
120455,High Mileage,Lowe's,1,1,https://www.lowes.com/pd/Mobil-1-Mobil-1-High-Mile-Synthetic-5W20-Motor-Oil-32-oz/1002503976,ok
120455,High Mileage,NAPA Auto Parts,1,1,https://www.napaonline.com/en/p/MOB120455,blocked
120455,High Mileage,O'Reilly,1,1,https://www.oreillyauto.com/detail/c/1-high-mileage/mobil-1-high-mileage-full-synthetic-motor-oil-5w-20-1-quart/mobd/hi1520,ok
120455,High Mileage,O'Reilly,1,1,https://www.oreillyauto.com/detail/c/1-high-mileage/oil--chemicals---fluids/motor-oil/motor-oil---vehicle-specific/5fb4d14d310a/mobil-1-high-mileage-full-synthetic-5w-20-motor-oil-1-quart/mobd/hi1520/v/a/5365/automotive-truck-1999-ford-f-350-super-duty,ok
120455,High Mileage,OK Petroleum Marketplace,6,1,https://www.okpetroleummarketplace.com/mobil-1-120455-high-mileage-full-syn-motor-oil-5w-20-case-6-quarts.html,ok
120455,High Mileage,OutPerformance,1,1,https://outperformance.shop/mobil-1-120455-1-5w20-high-mileage-oil-1-qt/,ok
120455,High Mileage,Paul B. Hardware,1,1,https://paulbhardware.com/mobil-1-hm-motor-oil-5w20-quart-mobilhm5w20q,ok
120455,High Mileage,Pit Stop USA,1,1,https://pitstopusa.com/products/mobil-1-5w20-high-mileage-oil-1-quart,ok
120455,High Mileage,Pit Stop USA,6,1,https://pitstopusa.com/products/mobil-1-5w20-high-mileage-oil-case-6x1-quart-bottles,ok
120455,High Mileage,Poor Man Motorsports,6,1,https://poormanmotorsports.com/mobil-1-120455-motor-oil-high-mileage-5w20-synthetic-1-qt-bottle-set-of-6,ok
120455,High Mileage,Race Car Engineering,1,1,https://racecareng.com/shop/oils-fluids-and-sealer/oils-fluids-and-additives/motor-oil/mobil-1-racing-oil-5w20-high-mileage-oil-1-qt-0455-1/,ok
120455,High Mileage,Race Car Engineering,6,1,https://racecareng.com/shop/oils-fluids-and-sealer/oils-fluids-and-additives/motor-oil/mobil-1-racing-oil-5w20-high-mileage-oil-case-6x1-qt-bottle-120455/,ok
120455,High Mileage,Reeves-Azle Hardware,1,1,https://reevesazlehardware.com/p/high-mileage-full-synthetic-motor-oil-071924145023,ok
120455,High Mileage,Rural King,1,1,https://www.ruralking.com/mobil-1-high-mileage-motor-oil-5w20-1-quart-120455,ok
120455,High Mileage,RV & Auto Parts,1,1,https://www.rvautoparts.com/products/120455-mobil-1-oil-sae-5w-20,ok
120455,High Mileage,Shoppers Supply,1,1,https://store.shopperssupplyaz.com/2818665/product/Mobil-Super-120455,price_not_found
120455,High Mileage,Speedway Motors,6,1,"https://www.speedwaymotors.com/Mobil-1-High-Mileage-Full-Synthetic-Motor-Oil-5W-20-1-Qt-Case-6,371926.html",blocked
120455,High Mileage,Summit Racing,1,1,https://www.summitracing.com/parts/mob-120455-1,ok
120455,High Mileage,The Lubricant Store,6,1,https://www.thelubricantstore.com/mobil-1-high-mileage-5w20-case-6-quarts,ok
120455,High Mileage,Tractor Supply,1,1,https://www.tractorsupply.com/tsc/product/mobil-1-high-mileage-full-synthetic-motor-oil-5w-20-1-quart,ok
120455,High Mileage,Walmart,1,1,https://www.walmart.com/ip/Mobil-1-High-Mileage-Full-Synthetic-Motor-Oil-5W-20-1-Quart/23636901,ok
120455,High Mileage,Walmart,6,1,https://www.walmart.com/ip/Mobil-1-High-Mileage-Full-Synthetic-Motor-Oil-5W-20-1-qt-Pack-6/173594293,ok
102989,Extended Performance,Advance Auto,1,1,https://shop.advanceautoparts.com/p/mobil-1-extended-performance-5w-20-full-synthetic-motor-oil-protects-up-to-20-000-miles-1-quart-14990/8110039-P?navigationPath=L1*81545,ok
102989,Extended Performance,Advance Auto,1,1,https://shop.advanceautoparts.com/p/mobil-1-extended-performance-5w-20-high-mileage-full-synthetic-motor-oil-prevents-leaks-1-quart-15017/11962208-P,ok
102989,Extended Performance,Advance Auto,1,1,https://shop.advanceautoparts.com/p/mobil-1-extended-performance-high-mileage-5w-20-full-synthetic-motor-oil-1-quart-15017/11962208-P,ok
102989,Extended Performance,AFA Motors,1,1,https://afa-motors.com/products/mobil-1-extended-performance-full-synthetic-motor-oil-5w-20-1-quart,ok
102989,Extended Performance,Amazon,1,1,https://www.amazon.com/-/es/Mobil-102989-1-5-EP5W20/dp/B019QH40SK,blocked
102989,Extended Performance,Amazon,1,1,https://www.amazon.com/dp/B07MQBJ2GK,ok
102989,Extended Performance,Amazon,2,1,https://www.amazon.com/-/es/Mobil-102989-MOBIL-EP5W20-paquete/dp/B0CYTF1GBY,blocked
102989,Extended Performance,Arizona Truck Pros,1,6,https://shop.arizonatruckpros.org/eshop/p/482_3460_51027_mbl102989/102989-oil,ok
102989,Extended Performance,Autoplicity,1,1,https://autoplicity.com/10008731-mobil-102989-mobil-1-ep-5w20,ok
102989,Extended Performance,AutoZone,1,1,https://www.autozone.com/p/mobil-1-motor-oil-102989/931869,blocked
102989,Extended Performance,Blain's Farm & Fleet,1,1,https://www.farmandfleet.com/products/971665-mobil-1-1-quart-5w-20-advanced-full-synthetic-motor-oil.html,blocked
102989,Extended Performance,CARiD,1,1,https://www.carid.com/mobil-1/advanced-extended-performance-sae-5w-20-full-synthetic-motor-oil-1-quart-x-6-bottles-mpn-102989.html,unavailable
102989,Extended Performance,Coakley Home & Hardware,1,1,https://shop.coakleyhomeandhardware.com/p/extended-performance-full-synthetic-motor-oil-071924149908,ok
102989,Extended Performance,CSP Racing,6,1,https://www.cspracing.com/products/mobil-1-102989-5w20-ep-oil-case-6x1qt-bottles-dexos,ok
102989,Extended Performance,eBay,1,1,https://www.ebay.com/itm/127610435025,ok
102989,Extended Performance,eBay,6,1,https://www.ebay.com/splashui/challenge?ap=1&appName=orch&ru=https%3A%2F%2Fwww.ebay.com%2Fitm%2F147626538109&iid=d63f195f-1899-4dde-b8c5-21bc79b29083&iim=KNjkuMTC&iia=MGk0LjIyXa&iiz=MaFMS4yMjM*ugT,blocked
102989,Extended Performance,eBay,1,1,https://www.ebay.com/itm/178216172784,unavailable
102989,Extended Performance,eBay,1,1,https://www.ebay.com/itm/278211095864,ok
102989,Extended Performance,eBay,6,1,https://www.ebay.com/itm/285910246442,ok
102989,Extended Performance,eBay,1,1,https://www.ebay.com/itm/295436364335,ok
102989,Extended Performance,eBay,6,1,https://www.ebay.com/itm/318626726980,ok
102989,Extended Performance,eBay,6,1,https://www.ebay.com/itm/377548064114,ok
102989,Extended Performance,eBay,6,1,https://www.ebay.com/itm/394963908572,ok
102989,Extended Performance,eBay,6,1,https://www.ebay.com/itm/405379877534,ok
102989,Extended Performance,eBay,6,1,https://www.ebay.com/itm/406568226461,ok
102989,Extended Performance,EVO Lube Supply,6,1,https://evolubesupply.com/products/mobil-1-extended-performance-5-20-0-25-gal-0-95-liter-bottle-102989,ok
102989,Extended Performance,Family Farm & Home,1,1,https://www.familyfarmandhome.com/mobil-1-extended-performance-motor-oil-651250.html,ok
102989,Extended Performance,Fast Track Auto,1,1,https://shopfasttrack.com/products/mobil-1-extended-performance-motor-oil-102989,ok
102989,Extended Performance,G.P.S. LLC,6,1,https://gpsllcusa.com/products/mobil-1-102989-ep-5w20-6x1qt,ok
102989,Extended Performance,JEGS,1,1,https://www.jegs.com/i/mobil-1-652-102989-1-extended-performance-engine-oil-5w20,ok
102989,Extended Performance,Koopman Lumber,1,1,https://shop.koopmanlumber.com/p/extended-performance-full-synthetic-motor-oil-071924149908,ok
102989,Extended Performance,LM Performance,6,1,https://www.lmperformance.com/1521928/102989-mobil-1-5w20-ep-oil-case-6x1qt-bottles-dexos.html,ok
102989,Extended Performance,Moore & Balliew Oil,6,1,https://mooreballiewoil.com/product/mobil-1-ep-5w20-6-1-qt-case/,ok
102989,Extended Performance,MRO Supreme,1,1,https://mrosupreme.com/products/mobil-1-extended-peformance-5w-20-gasoline-synthetic-motor-oil-1-qt-pack-of-6,missing
102989,Extended Performance,NAPA Auto Parts,1,1,https://www.napaonline.com/en/p/MOB102989,blocked
102989,Extended Performance,O'Reilly,1,1,https://www.oreillyauto.com/detail/c/1-extended-performance/mobil-1-extended-performance-full-synthetic-motor-oil-5w-20-1-quart/mobc/1520ep,ok
102989,Extended Performance,Pit Stop USA,1,1,https://pitstopusa.com/products/mobil-1-5w20-ep-oil-1-quart,ok
102989,Extended Performance,Pit Stop USA,6,1,https://pitstopusa.com/products/mobil-1-5w20-ep-oil-case-6x1-quart-bottles,ok
102989,Extended Performance,Poor Man Motorsports,6,1,https://poormanmotorsports.com/mobil-1-102989-motor-oil-extended-performance-5w20-synthetic-1-qt-bottle-set-of-6,ok
102989,Extended Performance,Race Car Engineering,1,1,https://racecareng.com/shop/oils-fluids-and-sealer/oils-fluids-and-additives/motor-oil/mobil-1-racing-oil-5w20-ep-oil-1-qt-dexos-2989-1/,ok
102989,Extended Performance,ShopEddies,1,1,https://www.shopeddies.com/mobil-102989-1-ep-5w20.html,ok
102989,Extended Performance,Speedway Motors,6,1,"https://www.speedwaymotors.com/Mobil-1-Extended-Performance-Full-Syn-Oil-5W-20-1-Qt-Case-of-6,371923.html",ok
102989,Extended Performance,Summit Racing,1,1,https://www.summitracing.com/parts/mob-102989,blocked
102989,Extended Performance,Summit Racing,1,1,https://www.summitracing.com/parts/mob-102989-1,blocked
102989,Extended Performance,The Lubricant Store,6,1,https://www.thelubricantstore.com/mobil-1-ep-5w20-case-6-quarts,ok
102989,Extended Performance,Walmart,1,1,https://www.walmart.com/ip/Mobil-1-Extended-Performance-Full-Synthetic-Motor-Oil-5W-20-1-Quart/17128880,ok
102989,Extended Performance,Walmart,6,1,https://www.walmart.com/ip/Mobil-1-Extended-Performance-Full-Synthetic-Motor-Oil-5W-20-1-qt/165066556,ok
124574,Truck & SUV,90Racing,1,1,https://90racing.com/products/mobil1-truck-suv-oil-5w20-124574,ok
124574,Truck & SUV,AFA Motors,1,1,https://afa-motors.com/products/mobil-1-truck-suv-full-synthetic-motor-oil-5w-20-1-quart,ok
124574,Truck & SUV,Amazon,1,1,https://www.amazon.com/Mobil-1-MOBIL-124574/dp/B07ZF2M3ML/ref=sr_1_36?sr=8-36,blocked
124574,Truck & SUV,Auto Value,1,1,"https://myautovaluestore.com/p/mobil-1/124574/truck-&-suv-full-synthetic-motor-oil-5w-20,-1-quart/101155315",ok
124574,Truck & SUV,Bomgaars,1,1,https://www.bomgaars.com/oi-38226.html,ok
124574,Truck & SUV,D&B Supply,1,1,https://www.dbsupply.com/mobil-1-truck-suv-5w-20-1qt-2032687.html,ok
124574,Truck & SUV,eBay,1,1,https://www.ebay.com/itm/315439967244,ok
124574,Truck & SUV,EVO Lube Supply,6,1,https://evolubesupply.com/products/mobil-1-truck-suv-5-20-0-25-gal-0-95-liter-bottle-124574,ok
124574,Truck & SUV,Fast Track Auto,1,1,https://shopfasttrack.com/products/mobil-1-truck-and-suv-motor-oil-124574,ok
124574,Truck & SUV,FR Sport,6,1,https://frsport.com/products/mobil-1-truck-suv-oil-5w20-1-case-6x1-quart-mob124574?variant=41995535253656,ok
124574,Truck & SUV,H-E-B,1,1,https://www.heb.com/product-detail/mobil-1-5w-20-full-synthetic-truck-svu-motor-oil/6249502,ok
124574,Truck & SUV,Heintz Performance,1,1,https://www.heintzperformance.com/index.php/item/5263950-mobil-1-truck-suv-oil-5w20-1-quart?category=124339,price_not_found
124574,Truck & SUV,J J Motorsports,6,1,https://jj-motorsports.com/mobil-1-truck-suv-oil-5w20-1-case-6x1-quart-mob124574/,ok
124574,Truck & SUV,Lowe's,1,1,https://www.lowes.com/pd/Mobil-1-Mobil-1-Truck-SUV-5W20-Motor-Oil-Qt/5001945497,ok
124574,Truck & SUV,NAPA Auto Parts,1,1,https://www.napaonline.com/en/p/MOB124574,blocked
124574,Truck & SUV,O'Reilly,1,1,https://www.oreillyauto.com/detail/c/1-truck-suv/mobil-1-truck-suv-full-synthetic-motor-oil-5w-20-1-quart/mobf/1520suv,ok
124574,Truck & SUV,Ozkonic Kustomz,6,1,https://ozkonickustomz.com/products/mobil-1-truck-suv-oil-5w20-1-case-6x1-quart,ok
124574,Truck & SUV,Partzilla,1,1,https://www.partzilla.com/product/automotive/MOB-124574,ok
124574,Truck & SUV,Pit Stop USA,1,1,https://pitstopusa.com/products/mobil-1-truck-suv-5w20-synthetic-motor-oil-1-quart,ok
124574,Truck & SUV,Pit Stop USA,6,1,https://pitstopusa.com/products/mobil-1-truck-suv-5w20-synthetic-motor-oil-1-quart-case-of-6,ok
124574,Truck & SUV,Poor Man Motorsports,6,1,https://poormanmotorsports.com/mobil-1-124574-motor-oil-truck-and-suv-5w20-synthetic-1-qt-bottle-set-of-6,ok
124574,Truck & SUV,Race Car Engineering,6,1,https://racecareng.com/shop/oils-fluids-and-sealer/oils-fluids-and-additives/motor-oil/mobil-1-racing-oil-mobil-1-truck-suv-oil-5w20-1-case-6x1-124574/,ok
124574,Truck & SUV,Race Car Engineering,1,1,https://racecareng.com/shop/oils-fluids-and-sealer/oils-fluids-and-additives/motor-oil/mobil-1-racing-oil-mobil-1-truck-suv-oil-5w20-1-quart-4574-1/,ok
124574,Truck & SUV,Rural King,1,1,https://www.ruralking.com/mobil-1-truck-suv-advanced-full-synthetic-motor-oil-5w-20-1-quart-124574,ok
124574,Truck & SUV,Speed & Engine,1,1,https://www.speedandengine.com/index.php/item/5503386-mobil-1-truck-suv-oil-5w20-1-quart?price=100&brand=24363,ok
124574,Truck & SUV,Summit Racing,1,1,https://www.summitracing.com/parts/mob-124574-1,ok
124574,Truck & SUV,VAST RP,6,1,https://vastrp.com/products/mobil-1-truck-suv-oil-5w20-1-case-6x1-quart,ok
124574,Truck & SUV,Walmart,1,1,https://www.walmart.com/ip/Mobil-1-Truck-SUV-Full-Synthetic-Motor-Oil-5W-20-1-Quart/602483283,ok
124574,Truck & SUV,Wheel Front,1,1,https://wheelfront.com/shop/product/mobil-1-mobil-1-truck-suv-oil-5w20-1-quart-mob124574-1/,ok
128645,Advanced Clean,Advance Auto,1,1,https://shop.advanceautoparts.com/p/mobil-1-advanced-clean-5w-20-motor-oil-1-quart-128645/50294547-P,ok
128645,Advanced Clean,Advance Auto,1,1,https://shop.advanceautoparts.com/p/mobil-1-advanced-clean-full-synthetic-motor-oil-5w-20-1-quart-128645/50294547-P,ok
128645,Advanced Clean,AutoZone,1,1,https://www.autozone.com/p/mobil-1-motor-oil-128645/1591378,blocked
128645,Advanced Clean,NAPA Auto Parts,1,1,https://www.napaonline.com/en/p/MOB128645,blocked
128645,Advanced Clean,O'Reilly,1,1,https://www.oreillyauto.com/detail/c/1-advanced-clean/mobil-1-advanced-clean-synthetic-motor-oil-5w-20-1-quart/mobt/1520cln,ok
128645,Advanced Clean,Walmart,1,1,https://www.walmart.com/ip/Mobil-1-Advanced-Clean-Full-Synthetic-Motor-Oil-5W-20-1-Quart/17867914900,ok
